Cluster ID, N Cluster Molecules, SMILES
0, 13, [cH2:1][cH2:11]
1, 10, [CH3:4][CH3:8]
2, 11, [cH:2]1[cH:4][cH:13][cH:7][cH:11][cH:3]1
3, 10, [cH2:3][nH:1]
4, 10, [cH3:9][cH:5][cH2:6]
5, 10, [CH3:2][CH2:21][CH2:20][CH:5]([CH3:4])[CH2:18][c:8]1[cH:9][cH:10][cH:16][cH:17][cH:7]1
6, 10, [CH3:22][O:21][CH:18]1[CH2:17][CH2:16][CH:15]([CH2:20][CH2:19]1)[CH2:6][c:7]2[cH:8][cH:9][cH:11][cH:12][cH:13]2
7, 16, [cH2:15][cH:21][cH2:19][CH3:20]
8, 11, [cH2:1][cH2:4]
9, 12, [cH3:7][cH:6][cH2:5]
10, 11, [cH3:3][cH:5][cH:11][cH:4][cH2:2]
11, 13, [cH3:17][cH:18][cH:19][cH:20][cH:15][CH2:3][c:4]1[cH:5][cH:6][cH:7][n:8]1[c:9]2[cH:10][cH:11][cH:12][cH:13][c:14]2[CH3:1]
12, 14, [cH3:10][cH2:11][c:15]1[cH:16][cH:17][cH:18][cH:23][cH:24]1
13, 11, [cH3:5][cH:3][cH:1][cH:2][cH2:4]
14, 19, [cH3:2][cH:1][cH2:5]
15, 21, None
16, 14, [cH:5]1[cH:4][cH:3][c:11]([cH:10][cH:6]1)[c:12]2[cH:13][c:14]3[c:20]([o:21]2)[cH:18][cH:17][cH:16][n:15]3
17, 10, [CH3:1][O:2][c:3]1[cH:4][c:5]([cH:20][c:21]([c:24]1[OH:25])[OH:22])[c:6]2[cH:7][c:8]3[c:18]([o:19]2)[cH:12][cH:11][cH:10][n:9]3
18, 14, [cH:12]1[cH:11][cH:10][cH:15][cH:14][cH:13]1
19, 11, [CH3:7][CH2:8][CH:9]1[CH2:10][CH2:12][CH2:13][CH2:14][CH:15]1[CH2:16][CH3:17]
20, 14, [CH3:11][CH2:12][CH2:14][CH2:15][CH:16]([CH3:17])[CH:18]1[CH2:19][CH2:20][C:2]([CH:6]([CH:7]1[CH2:8][CH3:9])[CH3:5])([CH3:1])[CH3:3]
21, 11, [cH2:7][cH:11][CH3:9]
22, 14, [cH3:4][c:17]([cH:18][NH:21][CH:19]([CH:15]=[CH2:12])[c:14]1[cH:8][cH:6][cH:13][cH:7][cH:9]1)[NH2:20]
23, 13, [cH2:1][cH2:2]
24, 42, [cH3:13][n:12]1[c:21]2[c:22]3[cH:23][cH:24][c:3]([cH:4][c:5]3[n:6][cH:7][c:8]2[nH:9][c:10]1=[O:11])[O:2][CH3:1]
25, 43, [cH3:1][cH:3][cH2:10]
26, 18, [cH2:17][cH:16][cH:20][c:21]([cH:22][cH2:23])[NH:12][CH:13]=[O:14]
27, 13, [CH3:4][c:5]1[cH:6][cH:7][cH:9][cH:11][cH:13]1
28, 10, [cH2:3][cH:1][cH:2][cH2:4]
29, 11, [cH3:12][cH:13][cH:7][cH:8][cH2:9]
30, 17, [CH3:1][NH:2][c:3]1[cH:4][cH:5][cH:6][cH:7][c:8]1[NH:9][CH:16]=[O:17]
31, 21, [cH3:7][cH:14][cH2:3]
32, 17, [cH:6]1[cH:4][cH:3][cH:10][cH:9][cH:7]1
33, 26, [CH3:2][CH2:23][NH:6][c:7]1[c:22]2[cH:21][cH:20][c:13]([cH:12][c:11]2[n:10][cH:9][n:8]1)[N:14]3[CH2:15][CH2:16][O:17][CH2:18][CH2:19]3
34, 10, [cH2:16]1[cH:17][c:18]([cH:25][cH:26][c:27]1[cH:12][N:11]2[CH2:28][CH2:7][CH2:8][CH2:9][CH2:10]2)[N:19]3[CH2:20][CH2:21][O:22][CH2:23][CH2:24]3
35, 10, [cH3:13][cH:14][cH:3][cH:4][cH2:5]
36, 20, [cH3:4][cH:1][cH:5][cH3:10]
37, 11, [cH3:14][c:13]([cH:18][cH:17][cH2:16])[O:12][c:11]1[cH:10][cH:9][cH:8][cH:25][cH:24]1
38, 10, [CH3:14][c:11]1[cH:10][cH:8][cH:7][cH:13][cH:12]1
39, 18, None
40, 12, [cH3:4][cH:12][cH:13][cH:14][cH2:2]
41, 22, [cH3:4][cH2:8][cH:14][cH2:5]
42, 25, [cH3:10][cH:9][cH2:4]
43, 11, [cH2:3][cH:1][nH2:12]
44, 14, [cH3:21][cH:22][cH:7][c:8]([cH2:19])[NH:9][C:10](=[O:11])[cH2:12][nH:13][cH:14][cH:15][CH3:17]
45, 21, [cH2:3][cH:1][cH:5][cH2:7]
46, 11, [cH:4]1[cH:2][cH:1][cH:3][cH:5][cH:10]1
47, 20, [cH3:10][cH:3][cH2:9]
48, 25, [cH3:12][cH:14][cH:7][cH:8][cH2:10]
49, 16, [cH3:12][cH:13][n:14][n:15]1[cH:7][n:8][n:9][cH:10]1
50, 13, [CH2:13]1[CH2:12][CH2:11][NH:10][CH2:15][CH2:14]1
51, 12, [cH:6]1[cH:7][cH:15][cH:16][cH:9][cH:12]1
52, 14, [cH3:6][cH:10][cH:7][cH:12][cH:13][cH3:14]
53, 15, None
54, 13, [cH3:16][cH:17][c:7]([cH3:8])-[c:6]([cH2:5])[nH2:3]
55, 10, [cH3:13][cH:12][c:1]([cH:2][cH2:15])-[cH:9][cH:10][nH2:11]
56, 13, [cH:14]1[cH:3][cH:2][cH:17][cH:16][cH:15]1
57, 11, [cH2:3][cH2:6]
58, 17, [CH3:2][c:3]1[cH:4][cH:5][cH:6][cH:7][cH:8]1
59, 13, [cH:17]1[cH:16][cH:15][cH:21][cH:19][cH:18]1
60, 13, [cH3:15][cH:17][cH:10][cH:11][cH2:13]
61, 24, [cH:5]1[cH:2][cH:1][cH:4][cH:3][cH:6]1
62, 11, [cH:5]1[cH:4][cH:3][cH:16][cH:15][cH:14]1
63, 10, [CH3:2][CH2:3][NH2:4]
64, 10, [CH2:14]=[CH:13][c:9]1[cH:5][cH:1][cH:3][cH:7][cH:11]1
65, 24, [cH3:6][cH:7][cH:2][cH:3][cH2:4]
66, 13, [cH3:11][cH:10][cH:9][c:8]([cH2:13])[CH3:7]
67, 14, [cH:5]1[cH:4][cH:3][cH:9][cH:8][cH:6]1
68, 19, [cH2:9]1[cH2:10][cH:11][cH:12][cH:14][cH:15]1
69, 52, [CH3:1][CH:2]1[CH2:3][NH:4][C:12](=[O:13])[c:14]2[n:18]1[n:17][cH:16][cH:15]2
70, 16, [cH:18]1[cH:3][cH:1][cH:4][cH:26][cH:21]1
71, 24, [cH2:22][cH:23][cH:24][cH:18][N:11]1[C:12](=[O:13])[C:14]([NH:8][C:9]1=[S:10])([CH3:15])[CH3:17]
72, 12, [cH3:4][cH:3][cH2:10]
73, 11, [cH3:16][cH:17][c:11]([cH3:12])[NH:10][c:9]1[c:8]2[cH:7][cH:6][nH:5][c:22]2[cH:21][cH:20][n:19]1
74, 25, [cH3:2][cH:1][cH:4][cH:20][cH2:18]
75, 11, [cH3:2][cH:1][cH:17][cH2:18][cH:5][cH2:4]
76, 29, [cH3:11][cH:12][c:13]([n:27][cH:9][N:8]([CH2:28][CH3:4])[CH2:7][CH3:6])[c:14]1[cH:15][n:16][c:17]2[n:26]1[cH:25][cH:20][cH:19][cH:18]2
77, 16, [cH3:14][cH:13][cH:12][cH:11][cH2:16]
78, 10, [CH3:8][NH:20][c:16]1[cH:2][cH:1][cH:13][cH:11][cH:15]1
79, 30, [CH3:2][CH2:23][N:6]([CH3:5])[c:7]1[cH:8][cH:9][n:10][c:11]([n:22]1)[c:12]2[cH:13][n:14][c:15]3[n:21]2[cH:20][cH:18][cH:17][cH:16]3
80, 31, [CH3:17][CH2:23][N:13]([CH3:14])[c:12]1[cH:11][cH:10][n:9][c:8]([n:24]1)[c:7]2[cH:6][n:5][c:4]3[n:25]2[cH:26][cH:27][cH:2][cH:3]3
81, 11, None
82, 42, [cH3:8][cH:7][cH:20][cH:19][cH:10][nH2:11]
83, 24, [cH3:22][cH:23][cH:3][cH:4][cH2:5]
84, 28, [cH3:18][cH:19][cH:3][cH:4][cH2:5]
85, 17, [CH3:15][c:13]1[cH:14][cH:9][cH:10][cH:11][cH:12]1
86, 22, [cH2:7][cH:13][c:4]1[cH:5][c:14]([n:20][c:2]([n:3]1)[NH2:1])[NH:15][CH2:16][CH3:19]
87, 10, [cH2:5][cH:6][c:8]1[cH:19][c:13]([n:12][c:10]([n:9]1)[NH2:11])[N:14]([CH3:15])[CH2:16][CH3:17]
88, 27, [cH:10]1[cH:8][cH:3][cH:9][cH:14][cH:12]1
89, 25, [cH:15]1[cH:14][cH:13][cH:19][cH:18][cH:16]1
90, 12, [cH3:4][c:14]([n:19][cH:15][cH2:3])[NH:20][CH3:13]
91, 15, [cH3:4][cH:3][cH:16][cH3:15]
92, 18, [CH3:1][NH:2][CH:3]1[CH:4]2[CH2:9][CH:8]3[CH2:7][CH:6]([CH2:5]2)[CH2:12][CH:11]1[CH2:10]3
93, 12, [cH3:11][cH:12][cH:6][cH:7][cH2:8]
94, 23, [CH3:20][CH2:19][CH:18]([CH2:23][CH3:22])[c:17]1[nH:10][cH:9][cH:8][n:24]1
95, 10, [cH:5]1[cH:2][cH:1][cH:4][cH:11][cH:14]1
96, 30, [cH:6]1[cH:5][cH:4][cH:9][cH:8][cH:7]1
97, 11, [cH:9]1[cH:8][cH:7][c:6]([cH:12][cH:10]1)[CH2:5][N:13]2[CH2:14][CH2:15][N:16]([CH2:28][CH2:29]2)[c:17]3[cH:22][cH:21][n:20][cH:19][n:18]3
98, 23, [CH3:2][CH2:3][N:14]1[CH2:15][CH2:16][N:17]([CH2:26][CH2:27]1)[c:18]2[cH:24][c:22]([n:21][cH:20][n:19]2)[NH2:23]
99, 12, [cH3:2][cH:3][cH:11][n:10][cH2:1]
100, 11, [cH3:5][c:6]([cH2:30])[C:7](=[O:8])[CH:9]1[CH2:10][CH2:11][N:12]([CH2:28][CH2:29]1)[C:13](=[O:14])[CH2:15][CH2:16][CH2:17][c:18]([cH2:19])[nH2:27]
101, 25, [cH3:26][cH:28][cH:2][n:3][cH:4][CH2:5][CH2:6][CH2:7][C:8](=[O:9])[N:10]1[CH2:11][CH2:12][CH:13]([CH2:23][CH2:24]1)[C:14](=[O:15])[cH3:16]
102, 18, [cH3:8][cH:9][cH:4][cH:5][cH2:6]
103, 38, [CH3:1][CH3:3]
104, 40, [cH3:7][cH:8][cH2:3]
105, 32, [cH:7]1[cH:6][cH:5][n:12][cH:11][cH:10]1
106, 10, [cH3:13][cH:14][cH:15][cH:16][cH2:18]
107, 23, None
108, 10, [CH3:1][CH3:3]
109, 10, [cH3:6][cH:7][cH:2][cH:3][cH2:4]
110, 13, [cH3:18][cH:19][cH:13][cH2:14][nH:15][cH3:11]
111, 28, [cH:19]1[cH:18][cH:17][c:16]([cH:21][cH:20]1)[CH2:15][CH2:11][NH:10][cH2:9][c:8]2[cH:7][cH:6][cH:5][c:4]([cH:26]2)[C:2](=[O:3])[NH2:1]
112, 17, [cH:20]1[cH:19][cH:18][c:17]([cH:22][cH:21]1)[CH2:11][NH:10][cH2:9][c:8]2[cH:7][cH:6][cH:5][c:4]([c:26]2[nH2:25])[C:2](=[O:3])[NH2:1]
113, 17, [CH3:3][CH:4]([c:19]1[cH:20][cH:21][cH:22][cH:24][cH:26]1)[NH:5][c:6]2[c:18]3[c:10]([cH:11][cH:15][cH:16][n:17]3)[n:9][cH:8][n:7]2
114, 14, [cH:16]1[cH:15][cH:14][c:13]([cH:18][cH:17]1)[c:12]2[c:11]3[c:5]([n:4][nH:3]2)[CH2:6][CH2:7][NH:8][CH2:9][CH2:10]3
115, 24, [CH3:14][c:7]1[cH:6][cH2:5][cH2:10][cH:9][cH:8]1
116, 28, [cH2:6]1[cH2:12][cH:11][cH:9][cH:8][cH:7]1
117, 10, [cH2:17][cH:16][cH:15][cH:14]-[c:13]([c:12]1[cH2:6][CH2:7][CH2:8][NH:9][CH2:10][CH2:11]1)[nH2:4]
118, 13, [CH3:15][c:14]([c:19]([nH2:20])[CH3:18])[c:6]([nH:5])[c:7]1[cH:8][cH:9][cH:10][cH:12][cH:13]1
119, 12, [cH3:19][cH:3][cH2:20]
120, 27, [cH3:3][cH:2][n:13][c:12]1[cH:6][cH:7][cH:8][cH:10][cH:11]1
121, 12, [cH3:12][cH:13][cH:8][cH:9][cH2:10]
122, 11, [cH3:5][cH:3][cH:1][cH:2][cH2:4]
123, 101, [cH3:19][cH:20][c:15]([cH3:16])-[n:14]([cH:13][cH:12][c:11]1[cH:10][c:9]([cH:4][nH:3][c:2]1=[O:1])[cH3:8])[nH2:22]
124, 20, [cH2:13][cH:12][c:11]1[c:27]2[cH:28][cH:29][cH:6][cH:7][c:8]2[nH:9][n:10]1
125, 29, [cH2:3][cH:2][n:6][cH2:5]
126, 15, [CH3:19][c:20]1[cH:21][nH:22][c:23]2[c:24]1[c:25]([n:26][cH:27][n:28]2)[NH:29][c:6]3[cH:5][cH:4][cH:3][cH:8][cH:7]3
127, 15, [CH3:6][NH:7][c:8]1[c:9]2[c:14]([cH:12][nH:11][c:10]2[n:27][cH:28][n:29]1)[CH:15]=[N:16][c:17]3[cH:18][cH:19][cH:20][cH:21][cH:26]3
128, 11, [cH3:2][cH:3][cH:4][cH2:5][CH3:8]
129, 17, [cH:2]1[cH:7][cH:6][c:5]2[c:4]([cH:3]1)[c:11]([n:10][c:9]([n:8]2)[n:13]3[cH:14][c:15]([cH:16][n:17]3)[C:18](=[O:20])[OH:19])[OH:12]
130, 14, [cH:15]1[cH:17][cH:18][c:11]2[c:12]([cH:14]1)[nH:13][c:9]([n:10]2)[n:6]3[cH:5][c:4]([cH:8][n:7]3)[C:2](=[O:3])[OH:1]
131, 21, [cH:7]1[cH:5][cH:1][cH:10][cH:9][cH:8]1
132, 15, [cH3:5][cH:4][cH:3][cH:2][cH2:7]
133, 12, [CH3:1][CH:2]([CH3:3])[CH3:4]
134, 11, [CH3:12][n:11]1[c:6]2[c:7]([c:2]([n:3][cH:4][n:5]2)[NH2:1])[n:8][c:9]1[OH:10]
135, 10, [cH3:14][c:13]([cH:18][cH:17][cH2:16])[CH2:12][n:11]1[c:6]2[c:7]([c:2]([n:3][cH:4][n:5]2)[NH2:1])[n:8][c:9]1[OH:10]
136, 19, [cH:4]1[cH:3][cH:2][cH:11][cH:10][cH:5]1
137, 10, [cH3:8][cH:4][cH:1][nH:3][cH:7][cH2:5]
138, 12, [cH3:2][CH:5]([CH3:7])[CH3:8]
139, 20, [CH3:12][CH2:11][C:9](=[O:10])[NH2:8]
140, 16, [cH3:22][C:20](=[O:21])[N:5]1[CH2:4][CH2:3][CH:2]([CH:7]([CH2:6]1)[c:8]2[cH:9][cH:10][n:11][c:12]3[n:16]2[n:15][cH:14][n:13]3)[CH3:1]
141, 11, [cH:12]1[c:4]([n:5][c:6]2[n:7][cH:8][n:9][n:10]2[c:11]1[CH:13]3[CH2:14][CH2:15][CH:16]4[CH2:17][CH2:18][CH:19]3[NH:20]4)[CH2:2][F:1]
142, 11, [CH3:24][CH2:25][CH2:20][CH2:19][NH:18][CH:16]=[O:17]
143, 13, [cH:4]1[cH:2][cH:1][cH:3][cH:5][cH:9]1
144, 16, [cH:9]1[c:3]([c:1]([n:4][cH:12][n:10]1)[nH2:2])[nH2:7]
145, 17, [cH2:5][cH:3][c:10]([cH2:6])[S:20](=[O:18])(=[O:19])[c:9]1[cH:2][cH:1][c:7]([cH:8][cH:4]1)[CH2:14][CH2:13][CH3:12]
146, 10, [cH:5]1[cH:4][cH:3][cH:8][cH:7][cH:6]1
147, 32, [cH:14]1[cH:13][cH:12][cH:22][cH:16][cH:15]1
148, 21, [CH3:16][c:17]1[cH:24][cH:22][cH:21][c:19]([cH:18]1)[F:20]
149, 30, [cH2:2][cH:27][cH:25][cH:5][N:6]1[CH2:7][CH2:8][CH:9]([C:23]1=[O:24])[CH2:11][NH:13][CH2:14][c:15]2[cH:16][cH:17][cH:19][cH:20][cH:22]2
150, 21, [CH3:4][NH:3][C:2](=[O:1])[C:13]1([CH2:15][CH2:16][N:17]([C:27]1=[O:28])[c:18]2[cH:19][cH:20][cH:21][cH:25][cH:26]2)[OH:14]
151, 27, [CH3:12][CH2:10][CH:8]=[O:9]
152, 14, [cH:7]1[cH:6][cH:5][c:4]([cH:3][cH:8]1)[n:9]2[cH:14][cH:13][cH:11][n:10]2
153, 11, [CH3:17][CH:16]([CH3:18])[O:19][C:20]([CH3:21])([CH3:22])[CH2:23][CH2:14][c:11]1[cH:12][nH:13][c:9]([n:10]1)[cH:8][cH:3][O:2][CH3:1]
154, 16, [cH3:20][cH:19][c:10]([cH:9][cH2:8])[NH:11][CH:12]=[O:13]
155, 10, [CH3:8][CH2:10][c:11]1[cH:12][cH:13][cH:15][cH:17][cH:19]1
156, 33, [cH3:19][cH:20][cH:6][n:7][cH2:8]
157, 12, None
158, 26, [cH:17]1[cH:16][cH:15][c:14]-2[c:13]([cH:18]1)[CH2:12][c:4]3[c:3]2[n:2][nH:1][cH:5]3
159, 23, [CH3:7][CH2:8][CH:13]([CH2:11][CH2:10][n:15]1[cH2:19][cH2:18][cH:17][cH:16]1)[OH:14]
160, 19, [cH3:7][NH:8][c:9]1[n:10][c:11]([cH:12][s:13]1)[cH:14][cH2:19]
161, 14, None
162, 14, [cH:1]1[cH:2][cH:4][c:6]([cH:5][cH:3]1)[S:21](=[O:19])(=[O:20])[c:7]2[cH:8][n:15][n:17]3[c:9]2[n:16][cH:11][cH:10][cH:12]3
163, 11, [CH3:14][c:12]1[cH:11][cH:10][n:18][c:9]2[n:19]1[n:17][cH:8][c:7]2[S:23](=[O:21])(=[O:22])[c:6]3[cH:4][cH:2][cH:1][cH:3][cH:5]3
164, 10, [cH:9]1[cH:7][cH:5][cH:8][cH:14][cH:11]1
165, 30, [cH:18]1[cH:5][n:6][c:7]([n:16][cH:17]1)[NH2:8]
166, 15, [cH2:14]1[cH2:12][cH:3][cH:1][cH:2][cH:4]1
167, 17, [CH3:13][NH:12][c:11]1[c:10]2[n:9][c:8]([n:24][n:23]2[cH:22][cH:21][n:20]1)[NH:7][c:6]3[cH:5][cH:4][cH:3][cH:26][cH:25]3
168, 10, [cH2:4][cH:5][cH2:6][NH:7][c:8]1[n:9][c:10]2[c:11]([n:20][cH:21][cH:22][n:23]2[n:24]1)[c:12]3[cH:13][cH:14][cH:15][cH:16][cH:18]3
169, 10, [cH3:13][c:12]1[c:11]2[n:10][c:9]([n:23][n:22]2[cH:21][cH:20][n:19]1)[NH:8][c:7]3[cH:24][cH:3][cH:4][cH:5][cH:6]3
170, 10, [cH3:3][cH:2][cH:24][c:7]([cH2:6])[NH:8][c:9]1[n:10][c:11]2[c:12]([n:19][cH:20][cH:21][n:22]2[n:23]1)[c:13]([cH3:14])[cH2:18]
171, 23, [cH3:15][cH:16][cH:11][cH:12][cH2:13]
172, 15, [CH3:8][C:7]([C:5](=[O:6])[N:4]1[CH2:14][cH:15][c:23]([nH2:18])[CH2:2][CH2:3]1)([C:10]([F:11])([F:12])[F:13])[OH:9]
173, 51, [cH3:2][cH:1][cH:6][cH3:5]
174, 25, [CH3:8][CH:10]1[CH2:11][CH2:12][N:13]([CH2:23][CH2:24]1)[C:14](=[O:15])[C:16]([CH3:17])([C:19]([F:20])([F:21])[F:22])[OH:18]
175, 18, [cH2:26][cH:21][C:19](=[O:20])[N:17]([CH3:18])[CH:16]1[CH2:15][CH2:14][N:4]([CH2:3][CH:2]1[CH3:1])[C:5](=[O:6])[C:7]([CH3:8])([CH3:10])[OH:9]
176, 12, [cH3:5][cH:14][cH2:6]
177, 10, [cH:1]1[cH:2][cH:4][c:12]([cH:5][cH:3]1)[S:27](=[O:23])(=[O:24])[N:21]2[CH2:15][CH2:18][O:25][c:10]3[c:9]2[cH:7][cH:11][cH:6][cH:8]3
178, 10, [CH3:2][CH2:4][N:6]1[CH2:7][CH2:8][CH:9]([CH2:22][CH2:23]1)[c:10]2[cH:11][cH:12][n:13][n:14]2[c:15]3[cH:16][cH:17][cH:18][cH:19][cH:20]3
179, 15, [CH3:1][C:2]([CH:23]([F:24])[F:25])([C:4](=[O:5])[N:6]1[CH2:7][CH2:8][CH:9]([CH2:21][CH2:22]1)[c:10]2[cH:11][cH:12][n:13][nH:14]2)[OH:3]
180, 37, [cH3:9][cH:10][c:11]([n:20][cH:7][c:6]1[cH:21][cH:2][cH:3][n:4][cH:5]1)[NH2:12]
181, 14, [CH3:17][n:16]1[c:11]2[cH:10][c:9]([cH:22][n:21][c:12]2[n:13][c:14]1[OH:15])[c:4]3[cH:3][cH:2][cH:8][cH:6][cH:5]3
182, 14, [cH2:20][cH:22][cH:24][cH:17][c:14]1[cH:13][c:12]2[c:11]([nH:9][cH2:7][n:6]2[CH3:5])[n:16][cH:15]1
183, 14, [CH3:6][n:5]1[c:12]2[cH:18][cH:16][cH:15][n:14][c:13]2[n:2]([c:3]1=[O:4])[CH3:1]
184, 29, [cH2:14][cH:15][cH:16][cH:11][CH2:10][NH2:9]
185, 17, [cH3:16][cH:17][cH:5][cH:13][cH2:14]
186, 19, [cH2:3][cH:4][cH:5][cH:6][c:8]1[cH:23][c:22]2[c:11]([cH:12][cH:14][n:15]2[CH2:16][CH:17]=[O:18])[n:10][cH:9]1
187, 12, [cH3:4][cH:5][cH:6][c:8]1[cH:22][c:21]2[c:11]([cH:12][cH:13][n:14]2[CH2:15][C:16](=[O:17])[N:18]([CH3:19])[CH3:20])[n:10][cH:9]1
188, 22, [cH3:2][cH:1][cH:3][cH3:6]
189, 17, [cH3:18][c:17]([cH2:28])[O:16][c:15]1[cH:29][cH:11][n:12][cH:13][n:14]1
190, 13, [cH3:26][n:27][cH:18][N:15]1[CH2:14][CH:13]2[CH:16]1[CH2:17][N:10]([CH2:11][CH2:12]2)[C:8](=[O:9])[c:7]3[cH:2][cH:3][cH:4][cH:5][cH:6]3
191, 65, [cH3:9][cH:10][cH:2][cH:3][cH2:4]
192, 12, [cH3:12][cH:13][cH:14][cH:15][cH:10][C:8](=[O:9])[N:7]([CH3:6])[CH:2]([CH3:1])[CH:3]([CH3:4])[NH:21][cH:22][n:28][cH:27][cH2:25]
193, 16, [CH2:9]1[CH2:11][N:19]([CH2:12][CH2:10][NH:18]1)[cH:16][nH:17]
194, 53, [cH3:19][c:18]([cH2:24])[c:17]1[cH:11][n:12][cH:13][n:14][cH:15]1
195, 20, [cH3:7][c:6]([cH:28][c:10]([cH2:9])[O:11][c:12]1[c:18]([c:16]([n:15][cH:14][n:13]1)[NH2:17])[cH:19][cH2:27])[NH:5][C:3](=[O:4])[CH3:2]
196, 21, [CH3:15][CH2:9][n:8]1[cH:7][cH:6][cH:4][n:3][c:2]1=[O:1]
197, 33, [cH3:6][nH:2][c:1]1[cH:3][cH:12][n:14][cH:17][n:4]1
198, 10, [cH:5]1[cH:11][cH:10][c:12]([cH:6][cH:4]1)[N:20]2[CH2:14][CH2:16][NH2+:21][CH2:17][CH2:15]2
199, 10, [cH3:13][cH:14][cH:7][cH:8][cH2:9]
200, 12, [cH2:9][cH:10][cH:11][cH:17][cH:16][cH2:14]
201, 27, None
202, 11, [cH:5]1[cH:4][cH:3][cH:26][cH:25][cH:6]1
203, 15, [CH3:11][CH2:10][NH:13][S:17](=[O:15])(=[O:16])[c:9]1[cH:3][cH:1][cH:2][cH:7][cH:8]1
204, 19, [cH3:20][C:18](=[O:19])[N:14]([CH:15]1[CH2:16][CH2:17]1)[CH:11]2[CH2:10][CH2:9][NH:8][CH2:13][CH2:12]2
205, 13, [cH2:18][cH:13][C:2](=[O:1])[N:3]([CH:4]1[CH2:5][CH2:6]1)[CH:7]2[CH2:8][CH2:9][NH:10][CH2:11][CH2:12]2
206, 14, [CH3:2][c:11]1[cH:12][cH:13][cH:14][cH:19][n:20]1
207, 12, [cH3:7][CH2:8][N:9]([CH2:10][CH3:11])[CH2:23][CH2:13][CH2:14][c:15]1[cH:16][c:17]([n:19][c:20]([cH:22]1)[CH3:21])[CH3:18]
208, 10, None
209, 48, [cH3:7][cH:8][cH2:9]
210, 21, [cH3:7][c:8]([cH:22][c:23]1[cH:5][nH:4][n:3][cH:2]1)[C:9](=[O:10])[N:11]([CH3:12])[CH2:15][c:16]2[cH:17][cH:18][cH:19][cH:20][cH:21]2
211, 12, [cH:5]1[cH:6][cH:7][c:8]([cH:22][cH:23]1)[CH2:9][c:10]2[c:21]3[cH:20][cH:16][cH:15][cH:14][c:13]3[nH:12][n:11]2
212, 22, [cH:4]1[cH:3][cH:2][cH:13][cH:12][cH:11]1
213, 10, [cH3:18][cH:19][c:13]([cH3:14])[N:10]([CH2:9][CH3:8])[CH2:11][CH2:12][CH3:6]
214, 18, [cH3:25][c:21]1[cH:3][cH:2][cH:27][cH:26][cH:22]1
215, 46, None
216, 33, [cH3:3][c:10]([cH:5][cH:9][cH2:11])-[nH:17][cH:7][cH2:12]
217, 13, [cH:8]1[cH:7][cH:6][c:5]([cH:4][cH:9]1)[n:10]2[cH:11][c:12]([c:14](=[O:15])[c:16]([n:17]2)[CH:18]=[O:20])[OH:13]
218, 18, [cH3:9][cH:3][cH:1][cH:2][cH2:5]
219, 14, [cH3:7][c:13]1[cH:12][c:16]([n:18][cH:8][n:17]1)[NH2:19]
220, 18, [cH:18]1[cH:16][cH:15][c:14]([cH:20][cH:19]1)[NH:13][C:11](=[O:12])[N:8]2[CH2:9][CH2:10][c:5]3[c:6]([cH:2][nH:3][n:4]3)[CH2:7]2
221, 30, [cH3:21][cH:23][c:16]([cH:17][cH2:18])[C:14](=[O:15])[N:3]([CH2:4][CH3:5])[CH2:2][cH:10][nH:9]
222, 18, [cH:13]1[c:9]2[c:10]([nH:11][n:12]1)[CH2:7][CH2:6][N:5]([CH2:8]2)[CH:3]=[O:4]
223, 25, [cH:11]1[cH:5][cH:6][c:8]([cH:9][cH:10]1)[C:12](=[O:13])[N:14]2[CH2:15][CH2:16][cH:17][c:18]([nH2:20])[CH2:19]2
224, 17, [cH:14]1[cH:13][cH:12][cH:18][cH:16][cH:15]1
225, 23, [cH3:4][n:12]([c:7]1[cH:6][cH:11][cH:10][cH:9][n:8]1)[c:13]2[cH:14][cH:15][cH:16][cH:20][cH:22]2
226, 65, [cH2:8][cH2:14]
227, 14, [cH:6]1[cH:3][cH:1][cH:5][cH:2][cH:4]1
228, 22, None
229, 33, [cH3:19]-[cH:18][cH:26][cH:27][cH:15]-[cH2:14][nH:10][CH:9]1[CH2:28][CH2:6][CH2:7][CH2:8]1
230, 12, [CH3:1][c:2]1[cH:3][cH:4][cH:20][cH:21][n:23]1
231, 10, [CH3:18][C:17]([CH3:19])([CH3:20])[O:16][C:14](=[O:15])[N:12]1[CH2:13][CH2:8][CH2:9][CH2:10][CH2:11]1
232, 20, [cH:5]1[cH:4][cH:3][cH:8][cH:7][cH:6]1
233, 17, [cH3:6][c:8]([cH2:2])[c:9]1[cH:10][cH:11][cH:12][cH:17][cH:18]1
234, 25, [cH2:10][cH:11][cH:3][c:4]([nH:5][nH2:6])[c:16]1[cH:17][cH:18][cH:19][cH:23][cH:25]1
235, 16, None
236, 10, None
237, 25, [cH3:19][cH:20][cH:14][n:13]1[c:21]2[c:10]([cH:9][n:8][c:7]([n:22]2)[NH:6][c:5]([cH3:23])[cH2:4])[n:11][n:12]1
238, 12, [CH3:3][CH:2]([c:9]1[cH:10][cH:11][cH:13][cH:14][cH:15]1)[NH2:1]
239, 32, [CH3:4][C:5]([CH3:6])([c:10]1[cH:11][cH:12][cH:13][cH:14][cH:16]1)[NH2:7]
240, 21, [cH3:16][cH:17][cH:19][cH:20][cH:14][n:13]1[c:21]2[c:10]([cH:9][n:8][c:7]([n:22]2)[NH:6][CH:5]([CH3:4])[CH2:23][CH3:2])[n:11][n:12]1
241, 11, [CH3:2][CH2:26][CH2:5][NH:6][c:7]1[n:8][cH:9][c:10]2[c:24]([n:25]1)[n:13]([n:12][n:11]2)[c:14]3[cH:15][cH:16][cH:17][cH:22][cH:23]3
242, 14, [cH:12]1[cH:11][cH:10][c:8]2[c:7]([cH:13]1)[n:6][cH:5][s:9]2
243, 13, [cH:15]1[cH:14][cH:13][c:12]([cH:24][cH:23]1)[c:10]2[nH:9][c:8]3[cH:25][cH:26][cH:5][cH:6][c:7]3[n:11]2
244, 25, [CH3:1][CH2:2][C:3](=[O:4])[NH:5][CH:6]1[CH2:7][CH2:8][CH:9]([CH2:25]1)[N:10]([CH3:11])[CH2:12][c:14]2[cH:15][cH:16][cH:17][cH:23][cH:24]2
245, 27, [CH3:10][N:9]([CH2:11][c:13]1[cH:14][cH:15][c:16]([cH:26][cH:27]1)[c:17]2[n:18][cH:19][cH:24][o:25]2)[CH:8]3[CH2:28][CH2:5][CH2:6][CH2:7]3
246, 17, [CH3:1][CH3:8]
247, 15, None
248, 42, [CH3:14][CH2:13][c:12]1[cH:11][cH:10][cH:9][cH:21][cH:20]1
249, 11, [cH3:8][cH2:14][S:20](=[O:18])(=[O:19])[n:16]1[cH:10][cH:12][c:11]2[c:13]1[cH:7][cH:3][cH:2][cH:6]2
250, 20, [cH:5]1[cH:2][cH:1][cH:3][cH:9][cH:7]1
251, 17, [cH2:1][cH2:4]
252, 17, [cH:1]1[cH:2][cH:4][c:12]([cH:5][cH:3]1)[S:23](=[O:20])(=[O:21])[c:13]2[cH:6][cH:8][cH:11][cH:10][cH:7]2
253, 13, [cH:11]1[cH:10][cH:9][n:8][cH:7][cH:12]1
254, 11, [cH:5]1[cH:2][cH:1][cH:3][cH:6][cH:4]1
255, 16, [cH:6]1[cH:3][cH:1][c:5]([cH:2][cH:4]1)[S:13](=[N:8][CH:7]=[O:10])(=[O:11])[O-:12]
256, 19, [cH3:9][N:11]=[S:16](=[O:13])([c:8]1[cH:3][cH:1][cH:7][cH:2][cH:4]1)[O-:14]
257, 32, [cH3:4][c:12]([cH:5][cH:3][cH2:1])[SH4:23][c:13]1[cH:7][cH:11][c:10]2[c:8]([cH:6]1)[c:9]3[c:14]([o:21]2)[CH2:16][CH2:17][NH:18][CH2:15]3
258, 26, [cH3:1][cH:2][cH:12][S:23](=[O:18])(=[O:19])[c:10]1[cH:4][cH:9][c:8]2[c:6]([cH:3]1)[c:7]3[c:11]([o:20]2)[CH2:14][CH2:15][NH:17][CH2:13]3
259, 10, [cH3:10][c:12]([cH:6][cH2:2])[cH:13][nH:15][S:18](=[O:16])(=[O:17])[c:14]1[cH:8][cH:4][cH:1][cH:5][cH:9]1
260, 16, [CH3:20][n:21]1[c:9]2[cH:10][cH:5][c:12]([cH:4][c:7]2[c:8]3[c:14]1[CH2:15][CH:19]4[CH2:17][CH2:16][CH:18]3[NH2+:22]4)[SH:26](=[O:23])=[O:24]
261, 10, [cH3:10][O:9][c:8]1[cH:7][cH:6][c:5]([cH:17][cH:16]1)[CH2:4][NH:3][C:2](=[O:1])[NH:18][c:19]2[cH:20][cH:21][cH:22][cH:23][cH:24]2
262, 17, [CH3:3][c:5]1[cH:6][c:7]([cH:26][cH:27][n:28]1)[O:8][c:9]2[cH:10][cH:11][c:12]([cH:24][cH:25]2)[CH2:13][NH:14][C:15](=[O:16])[NH2:17]
263, 10, [cH:6]1[cH:5][cH:4][c:9]([cH:8][cH:7]1)[c:10]2[cH:19][cH:18][c:13]3[c:12]([cH:11]2)[n:17][c:15]([nH:14]3)[OH:16]
264, 11, [cH:4]1[cH:3][cH:2][c:9]([cH:6][cH:5]1)[c:10]2[cH:19][cH:18][c:13]3[c:12]([cH:11]2)[n:17][c:15]([nH:14]3)[OH:16]
265, 23, [cH3:3][cH2:12][nH:11][cH3:4]
266, 12, [cH:17]1[cH:16][cH:15][c:14]([cH:19][cH:18]1)[N:11]2[CH2:10][CH2:9][N:8]([CH2:13][CH2:12]2)[CH:6]=[O:7]
267, 10, [cH:17]1[cH:16][cH:15][c:14]2[c:19]([cH:18]1)[cH:20][c:11]([cH:12][n:13]2)[NH:10][CH:8]=[O:9]
268, 15, [cH3:9][cH2:8][N:5]1[CH2:4][CH2:3][N:2]([CH2:7][CH2:6]1)[CH3:1]
269, 30, [cH:5]1[cH:2][cH:1][cH:3][cH:9][cH:7]1
270, 19, [cH:6]1[cH:2][cH:1][cH:3][cH:7][cH:10]1
271, 41, [CH3:2][CH2:5][NH:4][SH2:6](=[O:7])[c:9]1[cH:10][cH:11][cH:12][c:13]([cH:14]1)[CH2:15][NH:17][c:18]2[cH:19][cH:21][cH:22][cH:23][cH:24]2
272, 18, [cH3:2][cH:1][cH:3][cH2:5][CH:7]=[O:10]
273, 10, [cH2:4][cH:6][cH:7][cH2:8]
274, 13, [cH3:12][cH:4][cH:1][cH:3][cH2:8]
275, 14, [cH:5]1[cH:2][cH:1][cH:3][cH:9][cH:7]1
276, 38, [cH:7]1[cH:5][cH:2][c:1]([cH:3][cH:9]1)[SH:4]
277, 19, [cH:5]1[cH:1][cH:3][c:6]([cH:4][cH:2]1)[S:12](=[O:10])(=[O:11])[NH2:9]
278, 19, [cH:7]1[cH:5][cH:2][cH:6][cH:11][cH:9]1
279, 10, [cH:4]1[cH:3][cH:2][c:1]([cH:6][cH:5]1)[NH:7][CH:8]=[O:11]
280, 15, [cH:10]1[cH:7][cH:6][c:5]([cH:8][cH:9]1)[S:2](=[O:1])(=[O:3])[NH2:4]
281, 22, [CH3:4][c:1]1[cH:2][cH:5][cH:7][cH:9][cH:3]1
282, 11, [cH3:6][cH:5][cH:4][cH2:3][CH:7]=[O:8]
